model_name,num_input_features,cv_threshold_mean,cv_threshold_median,selected_threshold,test_accuracy,test_f1,test_precision,test_recall,test_roc_auc,test_pr_auc
xgb_top5_cv,10,0.528,0.5200000000000001,0.5200000000000001,0.7505330490405118,0.6221743810548978,0.5207207207207207,0.7727272727272727,0.833380786971129,0.6488989247798836
xgb_full_cv,19,0.556,0.56,0.56,0.7484008528784648,0.6101321585903083,0.5187265917602997,0.7406417112299465,0.8309011186979411,0.6440535499599479
