fold,threshold,accuracy,f1,precision,recall,roc_auc,pr_auc
1,0.56,0.7724444444444445,0.6342857142857142,0.5536159600997507,0.7424749163879598,0.8414084073627184,0.6824712864186239
2,0.56,0.7715555555555556,0.6323319027181689,0.5525,0.7391304347826086,0.8418173572926704,0.6471815335237613
3,0.5200000000000001,0.776,0.6420454545454546,0.5580246913580247,0.7558528428093646,0.8476904451480722,0.6649313573139196
4,0.6400000000000001,0.8008888888888889,0.6455696202531646,0.6126126126126126,0.6822742474916388,0.8468846923157902,0.6635462236998991
5,0.5000000000000001,0.7644444444444445,0.6423751686909581,0.5384615384615384,0.7959866220735786,0.8535392389482295,0.6758775378788607
