fold,threshold,accuracy,f1,precision,recall,roc_auc,pr_auc
1,0.54,0.7697777777777778,0.6357243319268636,0.5485436893203883,0.7558528428093646,0.835561638067165,0.6652948937040205
2,0.5200000000000001,0.7564444444444445,0.6267029972752044,0.5287356321839081,0.7692307692307693,0.8375679221294549,0.6300796501754894
3,0.5000000000000001,0.7671111111111111,0.6469002695417789,0.5417607223476298,0.802675585284281,0.8466073351850801,0.6488773873050351
4,0.6000000000000001,0.7875555555555556,0.6416791604197901,0.5815217391304348,0.7157190635451505,0.8466356782495323,0.6708740692548828
5,0.4800000000000001,0.7537777777777778,0.6425806451612903,0.523109243697479,0.8327759197324415,0.8508284272838437,0.6702629291319214
